{
    "train": {
        "loss": 0.18777471780776978,
        "accuracy": 0.9265464544296265
    },
    "eval": {
        "loss": 0.3034101724624634,
        "accuracy": 0.8821229934692383
    },
    "step": 3
}
