step	accuracy
0	0.8785743713378906
1	0.8841288089752197
2	0.8854659795761108
3	0.8821229934692383
