step	loss
0	0.2918514013290405
1	0.2740243971347809
2	0.2783195972442627
3	0.3034101724624634
