step	accuracy
0	0.8530015349388123
1	0.892951250076294
2	0.9119746088981628
3	0.9265464544296265
