step	loss
0	0.34418410062789917
1	0.2640048861503601
2	0.221012145280838
3	0.18777471780776978
